{
  "version": 1.0,
  "background": [0.32, 0.34, 0.43],
  "camera": {
    "focalPoint": [0.00194357, 0.000792793, 0],
    "position": [0.00194357, 0.000792793, 10000],
    "viewUp": [0, 1, 0]
  },
  "centerOfRotation": [0.00194357, 0.000792793, 0],
  "scene": [
    {
      "name": "1",
      "type": "vtkHttpDataSetReader",
      "vtkHttpDataSetReader": { "url": "1" },
      "actor": {
        "origin": [0, 0, 0],
        "scale": [1, 1, 1],
        "position": [0, 0, 0]
      },
      "actorRotation": [0, 0, 0, 1],
      "mapper": {
        "colorByArrayName": "cfpdes.expr.B",
        "colorMode": 1,
        "scalarMode": 3
      },
      "property": {
        "representation": 2,
        "edgeVisibility": 0,
        "diffuseColor": [1, 1, 1],
        "pointSize": 2,
        "opacity": 1
      }
    },
    {
      "name": "2",
      "type": "vtkHttpDataSetReader",
      "vtkHttpDataSetReader": { "url": "2" },
      "actor": {
        "origin": [0, 0, 0],
        "scale": [1, 1, 1],
        "position": [0, 0, 0]
      },
      "actorRotation": [0, 0, 0, 1],
      "mapper": {
        "colorByArrayName": "cfpdes.expr.B",
        "colorMode": 1,
        "scalarMode": 3
      },
      "property": {
        "representation": 2,
        "edgeVisibility": 0,
        "diffuseColor": [1, 1, 1],
        "pointSize": 2,
        "opacity": 1
      }
    }
  ],
  "lookupTables": {
    "cfpdes.expr.B": {
      "clamping": true,
      "colorSpace": 0,
      "hSVWrap": false,
      "alpha": 1,
      "vectorComponent": 0,
      "vectorSize": -1,
      "vectorMode": 0,
      "indexedLookup": 0,
      "nodes": [
        [0, 0.02, 0.3813, 0.9981, 0.5, 0],
        [0.00264279, 0.0200001, 0.424268, 0.96907, 0.5, 0],
        [0.00528557, 0.02, 0.467234, 0.940033, 0.5, 0],
        [0.00792836, 0.02, 0.5102, 0.911, 0.5, 0],
        [0.0105711, 0.0200001, 0.546401, 0.872669, 0.5, 0],
        [0.0132139, 0.02, 0.5826, 0.834333, 0.5, 0],
        [0.0158567, 0.02, 0.6188, 0.796, 0.5, 0],
        [0.0184995, 0.0200001, 0.652535, 0.749802, 0.5, 0],
        [0.0211423, 0.02, 0.686267, 0.7036, 0.5, 0],
        [0.0237851, 0.02, 0.72, 0.6574, 0.5, 0],
        [0.0264279, 0.0200001, 0.757035, 0.603735, 0.5, 0],
        [0.0290707, 0.02, 0.794067, 0.550066, 0.5, 0],
        [0.0317134, 0.02, 0.8311, 0.4964, 0.5, 0],
        [0.0343562, 0.0213543, 0.864537, 0.428558, 0.5, 0],
        [0.036999, 0.0233129, 0.897999, 0.360739, 0.5, 0],
        [0.0396418, 0.0159761, 0.931048, 0.292563, 0.5, 0],
        [0.0422846, 0.274211, 0.952563, 0.153568, 0.5, 0],
        [0.0449274, 0.493355, 0.961904, 0.111195, 0.5, 0],
        [0.0475702, 0.6439, 0.9773, 0.0469, 0.5, 0],
        [0.0502129, 0.762402, 0.98467, 0.0346002, 0.5, 0],
        [0.0528557, 0.880901, 0.992033, 0.0222999, 0.5, 0],
        [0.0554985, 0.999529, 0.999519, 0.0134885, 0.5, 0],
        [0.0581413, 0.999403, 0.955036, 0.0790666, 0.5, 0],
        [0.0607841, 0.9994, 0.910666, 0.148134, 0.5, 0],
        [0.0634269, 0.9994, 0.8663, 0.2172, 0.5, 0],
        [0.0660697, 0.99927, 0.818036, 0.217201, 0.5, 0],
        [0.0687125, 0.999133, 0.769766, 0.2172, 0.5, 0],
        [0.0713552, 0.999, 0.7215, 0.2172, 0.5, 0],
        [0.073998, 0.999136, 0.673436, 0.217201, 0.5, 0],
        [0.0766408, 0.999267, 0.625366, 0.2172, 0.5, 0],
        [0.0792836, 0.9994, 0.5773, 0.2172, 0.5, 0],
        [0.0819264, 0.999403, 0.521068, 0.217201, 0.5, 0],
        [0.0845692, 0.9994, 0.464833, 0.2172, 0.5, 0],
        [0.087212, 0.9994, 0.4086, 0.2172, 0.5, 0],
        [0.0898547, 0.99476, 0.331773, 0.211231, 0.5, 0],
        [0.0924975, 0.986713, 0.259518, 0.190122, 0.5, 0],
        [0.0951403, 0.991246, 0.147994, 0.210789, 0.5, 0],
        [0.0977831, 0.949903, 0.116867, 0.252901, 0.5, 0],
        [0.100426, 0.9032, 0.0784329, 0.2918, 0.5, 0],
        [0.103069, 0.8565, 0.04, 0.3307, 0.5, 0],
        [0.105711, 0.798903, 0.0433335, 0.358434, 0.5, 0],
        [0.108354, 0.741299, 0.0466667, 0.386167, 0.5, 0],
        [0.110997, 0.6837, 0.05, 0.4139, 0.5, 0]
      ]
    }
  }
}
